These are the current TESTED and IMPLMENTED EVOLUTION METHODS. 		EVO_VAR //MAP LOCATIONS: 0-NOTHING, 1-LUMBRIDGE, 16-VARROCK, 3-FALADOR, 4-MEMBERS, 5-OCEAN, 6-WILDERNESS, 7-MORYTANIA, 33-CAVES, 9-ABYSS, 10-OFFWORLD, 11-DESERT, 15-KARAMJA,		@	
MONSTER	METHOD	SECONDARY REQUIREMENT	EVOLVES INTO		
					
Calf	EVO_ITEM	DEATH_RUNE	Cow_Plague_Form		
Calf	EVO_FEMALE_LEVEL	19	Cow		
Calf	EVO_MALE_LEVEL	19	Bull		
Calf	EVO_ITEM	VANILLA_MILK	Cow_Vanilla_Form		
Calf	EVO_ITEM	STRAWBERRY_MILK	Cow_Strawberry_Form		
Calf	EVO_ITEM	CHOCOLATE_MILK	Cow_Chocolate_Form		
Calf	EVO_ITEM	CHAOS_RUNE	Minotaur_Normal_Form		
Calf	EVO_VAR	7	Cow_Undead_Form		//7 = MORYTANIA
Calf	EVO_OTHER_PARTY_MON	Ram_Golden_Form	Trojan_Cow		
Calf	EVO_OTHER_PARTY_MON	Unicorn_White_Form	Unicow		
Cow	EVO_FEMALE_DEATH	32	SkeletalOx_Female_Form		//Multiple Methods.
Cow	EVO_ITEM	DEATH_RUNE	SkeletalOx_Female_Form		//Multiple Methods.
Cow	EVO_LEVEL_ATK_LT_DEF	32	Cow_Dairy_Form		
Cow	EVO_LEVEL_ATK_GT_DEF	32	Super_Cow		
Cow_Strawberry_Form	EVO_MOVE	RAPID_SPIN	Cow_Harlequin_Form		//RAPID_SPIN learn at level 34
Cow_Vanilla_Form	EVO_MOVE	RAPID_SPIN	Cow_Harlequin_Form		//RAPID_SPIN learn at level 34
Cow_Chocolate_Form	EVO_MOVE	RAPID_SPIN	Cow_Harlequin_Form		//RAPID_SPIN learn at level 34
Bull	EVO_ITEM	CHAOS_RUNE	Catablepon		
Bull	EVO_LEVEL	32	Bull_Elder_Form		//JUMP_KICK learn at level 35
Bull	EVO_MALE_DEATH	32	SkeletalOx_Male_Form		//Multiple Methods.
Bull	EVO_ITEM	DEATH_RUNE	SkeletalOx_Male_Form		//Multiple Methods.
					
Minotaur_Normal_Form	EVO_LEVEL	42	Minotaur_Rune_Form		
Minotaur_Normal_Form	EVO_ITEM	DEATH_RUNE	Minotaur_Reanimated_Form		
					
Chick	EVO_FRIENDSHIP	220	Chicken_Lizard_Form		
Chick	EVO_OTHER_PARTY_MON	Gecko	Newtroost		
Chick	EVO_OTHER_PARTY_MON	Swordfish	Swordchick		
Chick	EVO_VAR	7	Chicken_Undead_Form		
Chick	EVO_ITEM	BAD_EGG	EvilChicken		
Chick	EVO_ITEM	BODY_RUNE	Chicken_Mystery_Form		
Chick	EVO_FEMALE_LEVEL	17	Chicken_Normal_Form		
Chick	EVO_VAR	16	Chicken_Varrock_Form		
Chick	EVO_VAR	15	Chicken_Karamja_Form		
Chick	EVO_VAR	4	Chicken_Bandosian_Form		
Chick	EVO_MALE_LEVEL	17	Rooster_Normal_Form		
Chick	EVO_VAR	16	Rooster_Varrock_Form		
Chick	EVO_VAR	15	Rooster_Karamja_Form		
Chick	EVO_VAR	4	Rooster_Bandosian_Form		
Chicken_Normal_Form	EVO_LEVEL	28	Dreadfowl		
Chicken_Varrock_Form	EVO_ITEM	WATER_RUNE	Underwater_Chicken		
Chicken_Karamja_Form	EVO_LEVEL	28	Chicken_Famine_Form		
Chicken_Bandosian_Form	EVO_LEVEL	28	Chicken_Pestilence_Form		
Rooster_Normal_Form	EVO_LEVEL	28	Oomlie		
Rooster_Normal_Form	EVO_ITEM	MIND_RUNE	Ernest		
Rooster_Varrock_Form	EVO_ITEM	DEATH_RUNE	Chicken_Death_Form		
Rooster_Karamja_Form	EVO_MOVE	HIGH JUMP KICK	Oomlie		//Learns at level 28
Rooster_Bandosian_Form	EVO_LEVEL	28	Chicken_War_Form		
					
Scorpling	EVO_FRIENDSHIP_DAY	200	Dreadnip		
Scorpling	EVO_ITEM	LIFE_RUNE	Scorpia		
Scorpling	EVO_LEVEL_DAY	26	Scorpion_Pit_Form		
Scorpling	EVO_LEVEL_NIGHT	26	Scorpion_Normal_Form		
Scorpling	EVO_ITEM	EARTH_RUNE	Scorpion_King_Form		
Scorpling	EVO_OTHER_PARTY_MON	SCORPION_CORRUPTED_FORM	Scorpion_Gauntlet_Corrupted_Form		//Multiple Methods.
Scorpling	EVO_OTHER_PARTY_MON	SCORPION_GAUNTLET_CRYSTALLINE_FORM	Scorpion_Gauntlet_Corrupted_Form		//Multiple Methods.
Scorpling	EVO_VAR	4	Scorpion_Khazard_Form		
Scorpion_Pit_Form	EVO_LEVEL	41	Scorpion_Poison_Form		
Scorpion_Pit_Form	EVO_ITEM	SPIRIT CHARM	Scorpion_Spirit_Form		
Scorpion_Pit_Form	EVO_ITEM	CHAOS_RUNE	Scorpion_Corrupted_Form		
Scorpion_Normal_Form	EVO_LEVEL	41	Scorpion_Grave_Form		
Scorpion_Normal_Form	EVO_ITEM	DEATH_RUNE	Scorpion_Reanimated_Form		
Scorpion_Normal_Form	EVO_ITEM	ASTRAL_RUNE	Scorpion_Gauntlet_Crystalline_Form		
					
Hatchling	EVO_HOLD_ITEM	GREEN SCALE	Dragonling_Green_Form		//All Dragons are commonly found with held item scales.
Hatchling	EVO_HOLD_ITEM	BLUE SCALE	Dragonling_Blue_Form		//All Dragons are commonly found with held item scales.
Hatchling	EVO_HOLD_ITEM	RED SCALE	Dragonling_Red_Form		//All Dragons are commonly found with held item scales.
Hatchling	EVO_HOLD_ITEM	BLACK SCALE	Dragonling_Black_Form		//All Dragons are commonly found with held item scales.
Dragonling_Green_Form	EVO_LEVEL	45	Dragon_Green_Form		
Dragon_Green_Form	EVO_LEVEL	65	Dragon_Brutal_Green_Form		
Dragon_Green_Form	EVO_ITEM	NATURE_RUNE	Dragon_ThreeHeaded_Form		
Dragon_Brutal_Green_Form	EVO_ITEM	RESEARCH_NOTES	Elvarg		//Item currently does not exist.
Dragonling_Blue_Form	EVO_LEVEL	45	Dragon_Blue_Form		
Dragon_Blue_Form	EVO_LEVEL	65	Dragon_Brutal_Blue_Form		
Dragon_Blue_Form	EVO_TYPE_IN_PARTY	FAIRY	Klik		
Dragon_Blue_Form	EVO_ITEM	RESEARCH_NOTES	Vorkath		
Dragonling_Red_Form	EVO_LEVEL	45	Dragon_Red_Form		
Dragon_Red_Form	EVO_LEVEL	65	Dragon_Brutal_Red_Form		
Dragonling_Black_Form	EVO_LEVEL	45	Dragon_Black_Form		
Dragon_Black_Form	EVO_LEVEL	65	Dragon_Brutal_Black_Form		
Dragon_Brutal_Black_Form	EVO_MALE	RESEARCH_NOTES	DRAGON_KING_BLACK_FORM		
Dragon_Brutal_Black_Form	EVO_FEMALE	RESEARCH_NOTES	DRAGON_QUEEN_BLACK_FORM		
					
Skeletal_Wyvern	EVO_LEVEL	65	Wyvern		
					
Crayfish	EVO_LEVEL	11	Shrimp		
Shrimp	EVO_LEVEL	19	Lobster_Normal_Form		
Lobster_Normal_Form	EVO_WEATHER	RAINY	Lobster_Golden_Form	consider making one lobster evolve through levelup without weather	//Unnatural Weather located in Random Routes.
Lobster_Normal_Form	EVO_WEATHER	SUNNY	Lobster_Giant_Form		//Unnatural Weather located in Random Routes.
Lobster_Normal_Form	EVO_WEATHER	HAILING	Lobster_Heim_Form		//Unnatural Weather located in Wilderness / Trollheim
Lobster_Normal_Form	EVO_WEATHER	UNNATURAL	Lobster_Obsidian_Form		//Unnatural Weather located in Wilderness.
Lobster_Normal_Form	EVO_WEATHER	RAINY	Lobstrocity	//Dungeoneering location	//Unnatural Weather located in Random Routes.
					
Anchovy	EVO_ITEM	FIRE_RUNE	Anchovy_Pizza_Form		
					
Imp	EVO_LEVEL_RANDOM	20	DEMON_LESSER_BLACK_FORM		
Imp	EVO_LEVEL_RANDOM	20	DEMON_LESSER_RS3_FORM		
Imp	EVO_LEVEL_RANDOM	20	DEMON_LESSER_OSRS_FORM		
Imp	EVO_LEVEL_RANDOM	20	DEMON_LESSER_TONGUE_FORM		
					
DEMON_LESSER_RS3_FORM	EVO_LEVEL	35	DEMON_GREATER_RS3_FORM		
					
DEMON_GREATER_RS3_FORM	EVO_LEVEL_DAY	50	DEMON_KALGERION_FORM		
DEMON_GREATER_RS3_FORM	EVO_LEVEL_NIGHT	50	DEMON_RIPPER_FORM		
DEMON_GREATER_RS3_FORM	EVO_ITEM	CHAOS_RUNE	DEMON_THUNDEREOUS_FORM		
					
DEMON_LESSER_OSRS_FORM	EVO_LEVEL	35	DEMON_GREATER_OSRS_FORM		
					
DEMON_GREATER_OSRS_FORM	EVO_LEVEL_DAY	50	DEMON_TORMENTED_FORM		
DEMON_GREATER_OSRS_FORM	EVO_LEVEL_NIGHT	50	DEMON_TSTANON_FORM		
DEMON_GREATER_OSRS_FORM	EVO_ITEM	LIFE_RUNE	DELRITH		
					
DEMON_LESSER_TONGUE_FORM	EVO_LEVEL	35	DEMON_GREATER_TONGUE_FORM		
					
DEMON_GREATER_TONGUE_FORM	EVO_LEVEL_DAY	50	DEMON_ZAKLN_FORM		
DEMON_GREATER_TONGUE_FORM	EVO_LEVEL_NIGHT	50	DEMON_PUMMELER_FORM		
DEMON_GREATER_TONGUE_FORM	EVO_ITEM	CHOCOLATE_CAKE	DEMON_CHOCOLATE_FORM		
					
DEMON_LESSER_BLACK_FORM	EVO_LEVEL	35	DEMON_GREATER_BLACK_FORM		
					
DEMON_GREATER_BLACK_FORM	EVO_LEVEL_DAY	50	DEMON_BALFRUG_FORM		
DEMON_GREATER_BLACK_FORM	EVO_LEVEL_NIGHT	50	DEMON_JUNGLE_FORM		
DEMON_GREATER_BLACK_FORM	EVO_ITEM	MIND_RUNE	DEMON_RIFTSPLITTER_FORM		
DEMON_GREATER_BLACK_FORM	EVO_ITEM	LIFE_RUNE	Skotizo		
					
SNOW_IMP	EVO_LEVEL	35	DEMON_ICE_OSRS_FORM		
					
DEMON_ICE_OSRS_FORM	EVO_LEVEL_DAY	50	DEMON_ICE_RS3_FORM		
DEMON_ICE_OSRS_FORM	EVO_LEVEL_NIGHT	50	DEMON_BLOODCHILLER_FORM		
DEMON_ICE_OSRS_FORM	EVO_ITEM	DEATH_RUNE	DEMON_REANIMATED_FORM		
					
Pyrefiend	EVO_LEVEL	34	Pyrelord		
Waterfiend	EVO_LEVEL	34	Waterlord		
Icefiend	EVO_LEVEL	34	Icelord		
					
Kitten	EVO_LEVEL	20	Cat_Normal_Form		
Cat_Normal_Form	EVO_SPECIFIC_MON	Rat_Hell_Form	Cat_Hell_Form		
Cat_Normal_Form	EVO_SPECIFIC_MON	Giant_Rat_Hell_Form	Cat_Hell_Form		
Cat_Normal_Form	EVO_ITEM	FIRE_RUNE	Cat_Hell_Form		
Cat_Normal_Form	EVO_MOVE	REST	Cat_Lazy_Form		
Cat_Normal_Form	EVO_ITEM	MIND_RUNE	Cat_Purple_Form		
Cat_Normal_Form	EVO_TYPE_IN_PARTY	PSYCHIC	Cat_Purple_Form		
Cat_Normal_Form	EVO_TYPE_IN_PARTY	FIGHTING	Cat_Wily_Form		
Cat_Normal_Form	EVO_ITEM	WATER_RUNE	Cat_Sunken_Form		
Cat_Normal_Form	EVO_ITEM	LOVELETTER	Cat_Post_Form		
Cat_Normal_Form	EVO_FRIENDSHIP	190	Cat_Overgrown_Form		
Cat_Normal_Form	EVO_ITEM	LIFE_RUNE	Bob		
Cat_Normal_Form	EVO_ITEM	CHAOS_RUNE	Evil_Bob		
Cat_Normal_Form	EVO_MOVE	BULK_UP	Cat_Wily_Form		
					
Duckling	EVO_FRIENDSHIP	220	Swan		
Duckling	EVO_LEVEL	21	Duck_Normal_Form		
Duck_Normal_Form	EVO_MOVE	GROWTH	Mega_Duck		
Duck_Normal_Form	EVO_VAR	33	Duck_Cart_Form	// 33 = Caves	
					
Rat_Normal_Form	EVO_LEVEL	17	Giant_Rat_Normal_Form		
Rat_Normal_Form	EVO_ITEM	FIRE_RUNE	Rat_Hell_Form		
Giant_Rat_Normal_Form	EVO_ITEM	AIR_RUNE	Giant_Rat_Blessed_Form		
Giant_Rat_Normal_Form	EVO_ITEM	WATER_RUNE	Brine_Rat		
Giant_Rat_Normal_Form	EVO_LEVEL	28	Albino_Rat		
Giant_Rat_Normal_Form	EVO_ITEM	NATURE_RUNE	Rat_Fungal_Form		
Giant_Rat_Normal_Form	EVO_SPECIFIC_MON	SPECIES_EVILTURNIP	Experiment_2_Form		
Giant_Rat_Normal_Form	EVO_ITEM	LIFE_RUNE	Scurrius_Magic_Form		
Rat_Crypt_Form	EVO_LEVEL	23	Giant_Rat_Crypt_Form		
Rat_Crypt_Form	EVO_ITEM	FIRE_RUNE	Rat_Hell_Form		
Giant_Rat_Crypt_Form	EVO_LEVEL_DAY	32	Giant_Rat_Dungeon_Form		
Giant_Rat_Crypt_Form	EVO_LEVEL_NIGHT	32	Zombie_Rat		
Giant_Rat_Crypt_Form	EVO_ITEM	ASTRAL_RUNE	Rat_Gauntlet_Crystalline_Form		
Giant_Rat_Crypt_Form	EVO_SPECIFIC_MON	SPECIES_EVILTURNIP	Experiment_2_Form		
Giant_Rat_Crypt_Form	EVO_ITEM	LIFE_RUNE	Scurrius_Ranged_Form		
Rat_King_Form	EVO_LEVEL	23	Giant_Rat_King_Form		
Rat_King_Form	EVO_ITEM	FIRE_RUNE	Rat_Hell_Form		
Giant_Rat_King_Form	EVO_LEVEL_DAY	32	Warped_Rat		
Giant_Rat_King_Form	EVO_LEVEL_NIGHT	32	Angry_Rat		
Giant_Rat_King_Form	EVO_ITEM	CHAOS_RUNE	Rat_Gauntlet_Corrupted_Form		
Giant_Rat_King_Form	EVO_SPECIFIC_MON	SPECIES_EVILTURNIP	Experiment_2_Form		
Giant_Rat_King_Form	EVO_ITEM	LIFE_RUNE	Scurrius_Melee_Form		
Rat_Hell_Form	EVO_LEVEL	32	Giant_Rat_Hell_Form		
Rat_Hell_Form	EVO_TYPE	GRASS	Shell_Rat		
					
Lamb	EVO_FEMALE_LEVEL	17	Sheep_White_Form		
Lamb	EVO_MALE_LEVEL	17	Ram_Fluffy_Form		
Sheep_White_Form	EVO_LEVEL_DAY	30	Sheep_Plague_Form		
Sheep_White_Form	EVO_LEVEL_NIGHT	30	Sheep_Black_Form		
Sheep_White_Form	EVO_ITEM	WATER_RUNE	Sheep_Pirate_Form		
Sheep_White_Form	EVO_OTHER_PARTY_MON	Wolf_Juvenile_Form	Experiment_3_Form		
Ram_Fluffy_Form	EVO_LEVEL_DAY	30	Ram_Shaggy_Form		
Ram_Fluffy_Form	EVO_LEVEL_NIGHT	30	Ram_Golden_Form		
Ram_Fluffy_Form	EVO_ITEM	WATER_RUNE	Sheep_Pirate_Form		
Ram_Fluffy_Form	EVO_OTHER_PARTY_MON	Wolf_Juvenile_Form	Experiment_3_Form		
					
Goat_Billy_Form	EVO_LEVEL	28	Goat_Desert_Form		
Goat_Billy_Form	EVO_ITEM	SPIRIT_CHARM	Goat_Clay_Form		
					
Goat_Desert_Form	EVO_LEVEL	37	Goat_Mountain_Form		
Goat_Desert_Form	EVO_ITEM	CHAOS_RUNE	Gorak		
Goat_Desert_Form	EVO_ITEM	COSMIC_RUNE	Antelope_Moonlight_Form		
Goat_Desert_Form	EVO_ITEM	ASTRAL_RUNE	Antelope_Sunlight_Form		
Goat_Clay_Form	EVO_LEVEL	25	Goat_SacredClay_Form		
					
Goat_SacredClay_Form	EVO_ITEM	EARTH_RUNE	Goat_PrimordialClay_Form		
					
Sardine	EVO_LEVEL	13	Herring		
Sardine	EVO_ITEM	WATER_RUNE	Pet_Fish		
Herring	EVO_LEVEL	25	Trout_Normal_Form		
Herring	EVO_ITEM	WATER_RUNE	Trout_Leaping_Form		
Herring	EVO_ITEM	NATURE_RUNE	Trout_Tropical_Form		
Herring	EVO_ITEM	AIR_RUNE	Gilbert		
Trout_Normal_Form	EVO_LEVEL	38	Swordfish		
					
Trout_Leaping_Form	EVO_LEVEL	38	Sturgeon		
					
Trout_Tropical_Form	EVO_LEVEL	38	Sailfish		
Sailfish	EVO_MEGA	JAS_FRAGMENT	Thallasus		
					
Bass	EVO_LEVEL	26	Salmon_Normal_Form		
Bass	EVO_ITEM	AIR_RUNE	Salmon_Leaping_Form		
Bass	EVO_OTHER_PARTY_MON	Tortoise_Normal_Form	Basstoise		
Salmon_Normal_Form	EVO_LEVEL_DAY	45	Shark_Normal_Form		
Salmon_Normal_Form	EVO_LEVEL_NIGHT	45	Fury_Shark		
Salmon_Leaping_Form	EVO_LEVEL_DAY	45	Shark_GreatWhite_Form		
Salmon_Leaping_Form	EVO_LEVEL_NIGHT	45	Shark_Tiger_Form		
					
Mackerel	EVO_LEVEL	26	Catfish		
Catfish	EVO_LEVEL	38	Shark_Baron_Form		
					
Tarpon	EVO_LEVEL	25	Seerfish		
Seerfish	EVO_TYPE_IN_PARTY	GRASS	Sillago		
Sillago	EVO_LEVEL	38	Wobbegong		
					
Karambwanj	EVO_LEVEL	32	Karambwan		
Karambwan	EVO_ITEM	MIND_RUNE	Karamthulu_Overlord		
					
Whitefish	EVO_LEVEL	25	Beltfish		
Beltfish	EVO_LEVEL	40	Manta_Ray		
					
Cod	EVO_LEVEL	25	Rainbow		
Rainbow	EVO_LEVEL	45	Shark_Golden_Form		
					
Desert_Sole	EVO_LEVEL	40	Goblinfish		
					
Cavefish	EVO_LEVEL	38	Rocktail		
					
Pike	EVO_WEATHER	RAINY	Monkfish_Normal_Form		
Monkfish_Normal_Form	EVO_LEVEL	40	AnglerFish		
					
Giant_Carp	EVO_WEATHER	RAINY	Monkfish_Fresh_Form		
Monkfish_Fresh_Form	EVO_LEVEL	40	Monkfish_Golden_Form		
					
Eel_Slimy_Form	EVO_ITEM	EARTH_RUNE	Eel_Cave_Form		
Eel_Slimy_Form	EVO_ITEM	FIRE_RUNE	Eel_Lava_Form		
Eel_Slimy_Form	EVO_LEVEL	26	Eel_Mottled_Form		
Eel_Slimy_Form	EVO_VAR	33	Vile_Fish	//33 - CAVES	
Eel_Cave_Form	EVO_LEVEL	37	Eel_Sacred_Form		
Eel_Lava_Form	EVO_LEVEL	37	Eel_Infernal_Form		
Eel_Slimy_Form	EVO_ITEM	WATER_RUNE	Eel_Short_Finned_Form		
Vile_Fish	EVO_LEVEL	37	Cave_Moray		
Eel_Short_Finned_Form	EVO_LEVEL	37	Eel_Dusk_Form		
Eel_Short_Finned_Form	EVO_LEVEL	37	Eel_Salve_Form		
					
Piglet	EVO_LEVEL_DAY	21	Pig		
Piglet	EVO_FRIENDSHIP	220	Pigzilla		
Piglet	EVO_LEVEL_NIGHT	32	Broav		
Pig	EVO_FRIENDSHIP	220	Pigzilla		
Pig	EVO_ITEM	DEATH_RUNE	Pig_War_Form		
Pig	EVO_ITEM	MIND_RUNE	Pig_Prayer_Form		
Pig	EVO_ITEM	BODY_RUNE	Pig_Pack_Form		
Pig	EVO_ITEM	AIR RUNE	Piggles		
Broav	EVO_ITEM	SPIRIT_CHARM	Pig_Summoning_Form		
Broav	EVO_ITEM	CHAOS_RUNE	Sourhog		
Broav	EVO_FRIENDSHIP	220	Herbiboar		
					
Puppy_Pup_Form	EVO_ITEM	FIRE_RUNE	Hellpuppy		
Puppy_Pup_Form	EVO_ITEM	DEATH_RUNE	Muncher		
Puppy_Pup_Form	EVO_DEATH	1	Muncher		
Puppy_Pup_Form	EVO_ITEM	WATER RUNE	Dalmatian		
Puppy_Pup_Form	EVO_ITEM	AIR RUNE	Labrador		
Puppy_Pup_Form	EVO_ITEM	EARTH RUNE	Terrier		
Puppy_Pup_Form	EVO_ITEM	CHAOS_RUNE	Terror_dog		
Puppy_Pup_Form	EVO_FRIENDSHIP	220	Corgi		
Puppy_Pup_Form	EVO_WEATHER	SUNNY	Pug		
Puppy_Pup_Form	EVO_WEATHER	HAIL	Shiba		
Puppy_Pup_Form	EVO_ITEM	NATURE_RUNE	Border_Collie		
Puppy_Pup_Form	EVO_ITEM	BODY_RUNE	Guard_Dog		
Puppy_Mutt_Form	EVO_ITEM	FIRE RUNE	Hellpuppy		
Puppy_Mutt_Form	EVO_ITEM	DEATH_RUNE	Muncher		
Puppy_Mutt_Form	EVO_DEATH	1	Muncher		
Puppy_Mutt_Form	EVO_ITEM	AIR RUNE	Greyhound		
Puppy_Mutt_Form	EVO_ITEM	EARTH RUNE	Bulldog		
Puppy_Mutt_Form	EVO_FRIENDSHIP	220	Sheepdog		
Puppy_Mutt_Form	EVO_ITEM	CHAOS_RUNE	Terror_dog		
Puppy_Mutt_Form	EVO_WEATHER	RAINY	Stray_Dog		
Puppy_Mutt_Form	EVO_ITEM	BLOOD_RUNE	Bloodhound		
Puppy_Mutt_Form	EVO_WEATHER	SUNNY	Beagle		
Puppy_Mutt_Form	EVO_WEATHER	HAIL	Huskie		
Puppy_Mutt_Form	EVO_ITEM	MIND_RUNE	Lycurgus		
Hellpuppy	EVO_LEVEL	45	Hellhound		
Hellpuppy	EVO_ITEM	DEATH_RUNE	Shadow_Hound		
Hellpuppy	EVO_DEATH	1	Shadow_Hound		
Hellhound	EVO_MEGA	JAS_FRAGMENT	Cerberus		
					
Pet_Rock	EVO_ITEM	AIR_RUNE	Rock_Polished_Form		
Pet_Rock	EVO_PARTY_TYPE	TYPE_BUG	Pillar		
Pet_Rock	EVO_ITEM	WATER_RUNE	Rock_Soup		
Pet_Rock	EVO_ITEM	MIND_RUNE	Slagilith		
Pet_Rock	EVO_ITEM	EARTH_RUNE	Rock_Strange_Form		
Pet_Rock	EVO_ITEM	FIRE_RUNE	Rock_Golden_Form		
Pet_Rock	EVO_ITEM	LAW_RUNE	Party_Rock		
					
Bird_Nest	EVO_RANDOM	1	Pigeon		
Bird_Nest	EVO_RANDOM	2	Pheasant		
Bird_Nest	EVO_RANDOM	3	Rocling		
Bird_Nest	EVO_RANDOM	4	Chompy		
Bird_Nest	EVO_RANDOM	5	Ravenling		
Bird_Nest	EVO_RANDOM	6	Vultling		
Bird_Nest	EVO_RANDOM	7	Seagull_Normal_Form		
Bird_Nest	EVO_RANDOM	8	Phoenixling_Rebirth_Form		
Bird_Nest	EVO_RANDOM	9	Phoenixling_Reborn_Form		
					
Ravenling	EVO_LEVEL_DAY	25	Raven_Normal_Form		
Ravenling	EVO_LEVEL_NIGHT	25	Raven_Nevermore_Form		
Ravenling	EVO_ITEM	DEATH_RUNE	Raven_Spooky_Form		
Ravenling	EVO_TYPEEVO_ITEM	ASTRAL_RUNE	Raven_Crystal_Form		
Ravenling	EVO_OTHER_PARTY_MON	Tz_Kih	Raventzhaar		
					
Pigeon	EVO_LEVEL	34	Rocling		
Pigeon	EVO_ITEM	NATURE_RUNE	Macaw		
					
Crow	EVO_LEVEL	18	Magpie		
					
Rocling	EVO_LEVEL	45	Roc		
					
Vultling	EVO_LEVEL_DAY	35	Vulture		
Vultling	EVO_ITEM	EARTH_RUNE	Vulture_RSHD_Form		
Vultling	EVO_LEVEL_NIGHT	35	Vulture_Pink_Form		
Vultling	EVO_ITEM	BODY_RUNE	Vulture_OSRS_Form		
Vultling	EVO_ITEM	AIR_RUNE	Vulture_RS3_Form		
					
Chompy	EVO_LEVEL_SPE_LT_SPDEF	26	Jubbly		
Chompy	EVO_LEVEL_SPE_GT_SPDEF	26	Terrorbird_Normal_Form		
Jubbly	EVO_OTHER_PARTY_MON	Lobster_Normal_Form	Jubster		
Terrorbird_Normal_Form	EVO_ITEM	SPIRIT CHARM	Terrorbird_Spirit_Form		
Terrorbird_Normal_Form	EVO_LEVEL	44	Terrorbird_Warped_Form		
					
Seagull_Normal_Form	EVO_ITEM	AIR_RUNE	Albatross		
Seagull_Normal_Form	EVO_ITEM	BODY_RUNE	Seagull_Steven_Form		
Seagull_Normal_Form	EVO_ITEM	SPIRIT_CHARM	Ibis		
Seagull_Normal_Form	EVO_LEVEL_ATK_LT_DEF	20	Seagull_Hattenkrapper_Form		
Seagull_Normal_Form	EVO_LEVEL_ATK_GT_DEF	20	Seagull_Koppenploppen_Form		
Seagull_Normal_Form	EVO_LEVEL_ATK_EQ_DEF	20	Pelican		
					
Snake_Normal_Form	EVO_LEVEL_DAY	26	Cobra_Normal_Form		
Snake_Normal_Form	EVO_ITEM	WATER_RUNE	Snake_Sea_Form		
Snake_Normal_Form	EVO_ITEM	TEAR_OF_GUTHIX	Juna		
Snake_Normal_Form	EVO_LEVEL_NIGHT	26	Snake_Poison_Form		
Snake_Normal_Form	EVO_OTHER_PARTY_MON	Yak_Pack_Form	Monty		
Snake_Normal_Form	EVO_ITEM	LIFE_RUNE	Zulrah_Serpentine_Form		
Cobra_Normal_Form	EVO_ITEM	SPIRIT_CHARM	Cobra_Spirit_Form		
Cobra_Normal_Form	EVO_LEVEL	36	Snake_Desert_Form		
Snake_Poison_Form	EVO_ITEM	SPIRIT_CHARM	Icxan		
Snake_Poison_Form	EVO_LEVEL	36	Snake_Swamp_Form		
Snake_Sea_Form	EVO_FRIENDSHIP	220	Big_Snake_Sea_Form		
Snake_Sea_Form	EVO_ITEM	SPIRIT_CHARM	Icxan		
Zulrah_Serpentine_Form	FORM_CHANGE	ITEM_FORM_CHANGE	Zulrah_Magma_Form		
Zulrah_Serpentine_Form	FORM_CHANGE	ITEM_FORM_CHANGE	Zulrah_Tanzanite_Form		
Zulrah_Magma_Form	FORM_CHANGE	ITEM_FORM_CHANGE	Zulrah_Serpentine_Form		
Zulrah_Magma_Form	FORM_CHANGE	ITEM_FORM_CHANGE	Zulrah_Tanzanite_Form		
Zulrah_Tanzanite_Form	FORM_CHANGE	ITEM_FORM_CHANGE	Zulrah_Serpentine_Form		
Zulrah_Tanzanite_Form	FORM_CHANGE	ITEM_FORM_CHANGE	Zulrah_Magma_Form		
					
Camel	EVO_LEVEL	30	Ughtanki		
Ughtanki	EVO_ITEM	MIND_RUNE	Camel_Warrior_Form		
Ughtanki	EVO_ITEM	LAW_RUNE	Camel_Bank_Form		
					
Kalphite_Larva_Form	EVO_LEVEL	15	Kalphite_Worker_Form		
Kalphite_Larva_Form	EVO_ITEM	EARTH_RUNE	Kalphite_Dung_Form		
Kalphite_Worker_Form	EVO_FEMALE_LEVEL	24	Kalphite_Soldier_Form		
Kalphite_Worker_Form	EVO_MALE_LEVEL	24	Kalphite_Paragon_Form		
Kalphite_Soldier_Form	EVO_ITEM	SPIRIT_CHARM	Kalphite_Spirit_Form		
Kalphite_Soldier_Form	EVO_LEVEL	41	Kalphite_Guardian_Form		
Kalphite_Paragon_Form	EVO_ITEM	SOUL_RUNE	Kalphite_Corrupted_Form		
Kalphite_Paragon_Form	EVO_LEVEL	41	Kalphite_Marauder_Form		
Kalphite_Dung_Form	EVO_ITEM	DEATH_RUNE	Kalphite_Reanimated_Form		
Kalphite_Marauder_Form	EVO_ITEM	LIFE_RUNE	Kalphite_King_Form		
Kalphite_Guardian_Form	EVO_ITEM	LIFE_RUNE	Kalphite_Queen_Form		
Kalphite_Queen_Form	EVO_MEGA	JAS_FRAGMENT	Kalphite_Queen_Mega_Form		
					
ABYSSALING	EVO_MOVE	TELEPORT	ABYSSAL_MINION_FORM		
ABYSSAL_MINION_FORM	EVO_LEVEL	36	ABYSSAL_DEMON_FORM		
ABYSSAL_MINION_FORM	EVO_ITEM	DEATH_RUNE	SPECIES_ABYSSAL_DEMON_REANIMATED_FORM		
					
ABYSSAL_LEECH_FORM	EVO_LEVEL	34	ABYSSAL_WALKER_FORM		
ABYSSAL_LEECH_FORM	EVO_ITEM	WATER_RUNE	Abyssal_DeepSea_Leech		
ABYSSAL_WALKER_FORM	EVO_LEVEL	48	ABYSSAL_GUARDIAN_FORM		
					
Abyssal_DeepSea_Leech	EVO_LEVEL	34	Abyssal_DeepSea_Walker		
Abyssal_DeepSea_Walker	EVO_LEVEL	48	Abyssal_DeepSea_Guardian		
					
SPECIES_ABYSSAL_LURKER_FORM	EVO_LEVEL	42	SPECIES_ABYSSAL_PARASITE_FORM		
					
Golem_Titan	EVO_LEVEL_ATK_GT_DEF	45	Iron_Titan		
Golem_Titan	EVO_LEVEL_ATK_LT_DEF	45	Steel_Titan		
Golem_Titan	EVO_LEVEL_ATK_EQ_DEF	45	Obsidian_Golem		
Golem_Titan	EVO_ITEM	CHAOS_RUNE	Lava_Titan		
Golem_Titan	EVO_ITEM	EARTH_RUNE	Swamp_Titan		
Golem_Titan	EVO_ITEM	ASTRAL_RUNE	Ice_Titan		
Golem_Titan	EVO_ITEM	FIRE_RUNE	Fire_Titan		
Golem_Titan	EVO_ITEM	WATER_RUNE	Geysir_Titan		
Golem_Titan	EVO_ITEM	BLOOD_RUNE	ABYSSAL_TITAN_FORM		
Golem_Titan	EVO_ITEM	NATURE_RUNE	Moss_Titan		
					
Behemoth_Normal_Form	EVO_LEVEL	30	Behemoth_Adolscent_Form		
Behemoth_Adolscent_Form	EVO_LEVEL	45	Siege_Beast		
Behemoth_Adolscent_Form	EVO_ITEM	EARTH_RUNE	Bulwark_Beast		
Behemoth_Adolscent_Form	EVO_ITEM	BODY_RUNE	Behemoth_Gluttonous_Form		
Behemoth_Adolscent_Form	EVO_ITEM	NATURE_RUNE	Behemoth_Runebound_Form		
Behemoth_Adolscent_Form	EVO_ITEM	LAW_RUNE	Stomp		
Behemoth_Adolscent_Form	EVO_ITEM	MIND_RUNE	Hope_Devourer		
					
Strykewyrm_Mini_Form	EVO_LEVEL	37	Strykewyrm_Freezy_Form		
Strykewyrm_Mini_Form	EVO_ITEM	NATURE_RUNE	Strykewyrm_Leafy_Form		
Strykewyrm_Mini_Form	EVO_ITEM	EARTH_RUNE	Strykewyrm_Sandy_Form		
Strykewyrm_Mini_Form	EVO_ITEM	FIRE_RUNE	Strykewyrm_Wildy_Form		
					
Spiderling	EVO_LEVEL_RANDOM	15	Spider_Giant_Form		
Spiderling	EVO_LEVEL_RANDOM	15	Spider_Huge_Form		
Spiderling	EVO_LEVEL_RANDOM	15	Spider_Fever_Form		
Spiderling	EVO_LEVEL_RANDOM	15	Spider_Ungael_Form		
Spiderling	EVO_ITEM	DEATH_RUNE	Araxyte_Baby		
Spiderling	EVO_ITEM	COSMIC_RUNE	Eek		
Spiderling	EVO_OTHER_PARTY_MON	Sardine	Spidine		
Spiderling	EVO_OTHER_PARTY_MON	Monkey_Normal_Form	Experiment_5_Form		
Spider_Giant_Form	EVO_LEVEL_DAY	28	Spider_DeadlyRed_Form		
Spider_Giant_Form	EVO_MOVE	THUNDER_FANG	Spider_Blessed_Form		
Spider_Giant_Form	EVO_ITEM	NATURE RUNE	Spider_Jungle_Form		
Spider_Giant_Form	EVO_ITEM	LIFE_RUNE	Venenatis		
Spider_Huge_Form	EVO_LEVEL_NIGHT	28	Spider_Night_Form		
Spider_Huge_Form	EVO_MOVE	ICE_FANG	Spider_Ice_Form		
Spider_Huge_Form	EVO_ITEM	SPIRIT CHARM	Spider_Spirit_Form		
Spider_Huge_Form	EVO_ITEM	LIFE_RUNE	Sarachnis		
Spider_Fever_Form	EVO_LEVEL	28	Spider_Shadow_Form		
Spider_Fever_Form	EVO_MOVE	FIRE_FANG	Spider_Lava_Form		
Spider_Fever_Form	EVO_ITEM	MIND_RUNE	Spider_Corpse_Form		
Spider_Fever_Form	EVO_ITEM	LIFE_RUNE	Venenatis		
Spider_Ungael_Form	EVO_LEVEL	28	Spider_Crypt_Form		
Spider_Ungael_Form	EVO_MOVE	POISON_FANG	Spider_Temple_Form		
Spider_Ungael_Form	EVO_ITEM	NATURE RUNE	Spider_ApeAtoll_Form		
Spider_Ungael_Form	EVO_ITEM	LIFE_RUNE	Sarachnis		
Araxyte_Baby	EVO_LEVEL_ATK_EQ_SPA	28	Araxyte_Acidic		
Araxyte_Baby	EVO_LEVEL_ATK_LT_SPA	28	Araxyte_Mirrorback		
Araxyte_Baby	EVO_LEVEL_ATK_GT_SPA	28	Araxyte_Pulsing		
Araxyte_Baby	EVO_MALE_LEVEL	80	Araxxor		
Araxyte_Baby	EVO_FEMALE_LEVEL	80	Araxxi		
Eek	EVO_OTHER_PARTY_MON	Ping	MinstrlWeb		
Eek	EVO_OTHER_PARTY_MON	Pong	MinstrlWeb		
Eek	EVO_OTHER_PARTY_MON	Duckling	MinstrlWeb		
					
Impling_Baby_Form	EVO_LEVEL_RANDOM	17	Impling_Magpie_Form		
Impling_Baby_Form	EVO_LEVEL_RANDOM	17	Impling_Gourmet_Form		
Impling_Baby_Form	EVO_LEVEL_RANDOM	17	Impling_Young_Form		
Impling_Baby_Form	EVO_LEVEL_RANDOM	17	Impling_Earth_Form		
Impling_Magpie_Form	EVO_LEVEL_NATURE_LOW_KEY	35	Impling_Kingly_Form		
Impling_Magpie_Form	EVO_TYPE_IN_PARTY	DRAGON	Impling_Dragon_Form		
Impling_Magpie_Form	EVO_LEVEL_NATURE_AMPED	35	Impling_Snow_Form		
Impling_Magpie_Form	EVO_ITEM	COSMIC_RUNE	Impling_Lucky_Form		
Impling_Gourmet_Form	EVO_LEVEL_NATURE_AMPED	35	Impling_Divine_Form		
Impling_Gourmet_Form	EVO_LEVEL_NATURE_LOW_KEY	35	Impling_Ghost_Form		
Impling_Gourmet_Form	EVO_ITEM	SPIRIT_SHARD	Impling_Spirit_Form		
Impling_Gourmet_Form	EVO_ITEM	COSMIC_RUNE	Impling_Essence_Form		
Impling_Young_Form	EVO_LEVEL_NATURE_AMPED	35	Impling_Pirate_Form		
Impling_Young_Form	EVO_LEVEL_NATURE_LOW_KEY	35	Impling_Easter_Form		
Impling_Young_Form	EVO_ITEM	BODY_RUNE	Impling_Ninja_Form		
Impling_Young_Form	EVO_ITEM	DEATH_RUNE	Impling_Zombie_Form		
Impling_Earth_Form	EVO_LEVEL_NATURE_AMPED	35	Impling_Nature_Form		
Impling_Earth_Form	EVO_ITEM	ASTRAL_RUNE	Impling_Crystal_Form		
Impling_Earth_Form	EVO_ITEM	COSMIC_RUNE	Impling_Wandering_Form		
Impling_Earth_Form	EVO_LEVEL_NATURE_LOW_KEY	35	Impling_Eclectic_Form		
					
	stan wip from here				
Crabling	EVO_LEVEL	18	Rock_Crab_Normal_Form		
Crabling	EVO_FLAG_SET	BEACH	Rock_Crab_Sand_Form		
Crabling	EVO_FLAG_SET	SWAMP	Rock_Crab_Swamp_Form		
Rock_Crab_Normal_Form	EVO_MOVE	ANCIENT POWER	Rock_Crab_Ammonite_Form		
Rock_Crab_Normal_Form	EVO_LEVEL	38	Rock_Crab_Giant_Normal_Form		
Rock_Crab_Normal_Form	EVO_ITEM	SPIRIT_SHARD	Crab_Granite_Form		
Rock_Crab_Ammonite_Form	EVO_LEVEL	38	Rock_Crab_Giant_Ammonite_Form		
Rock_Crab_Sand_Form	EVO_LEVEL	38	Rock_Crab_Giant_Sand_Form		
Rock_Crab_Swamp_Form	EVO_LEVEL	38	Rock_Crab_Giant_Swamp_Form		
Crab_Granite_Form	EVO_LEVEL	38	Lobster_Granite_Form		
Crab_Granite_Form	EVO_ITEM	CRABHAMMER	Lobster_Rock_Form		
Crab_Red_Form	EVO_LEVEL_DAY	33	Giant_Crab_Red_Form		
Crab_Red_Form	EVO_ITEM	LIFE_RUNE	Knife_Crab		
Crab_Moss_Form	EVO_LEVEL_DAY	33	Giant_Crab_Moss_Form		
Crab_RumPumped_Form	EVO_LEVEL	33	Giant_Crab_RumPumped_Form		
Crab_Dark_Form	EVO_LEVEL_NIGHT	33	Giant_Crab_Dark_Form		
Crab_Grey_Form	EVO_LEVEL_NIGHT	33	Giant_Crab_Grey_Form		
Heim_Crab	EVO_LEVEL_DAY	33	WebSnipper		
Heim_Crab	EVO_LEVEL_NIGHT	33	Blue_Crab		
					
Mackers	EVO_FEMALE_LEVEL	27	Turkey_Female_Form		
Mackers	EVO_MALE_LEVEL	27	Turkey_Male_Form		
Turkey_Male_Form	EVO_ITEM	POSTIE PETES LETTER	Turkey_Protestor_Form		
					
Toy_Mouse	EVO_FEMALE_LEVEL	20	Toy_Doll		
Toy_Mouse	EVO_MALE_LEVEL	20	Toy_Soldier		
Toy_Mouse	EVO_ITEM	LAW_RUNE	Marionette		
Toy_Mouse	EVO_OTHER_PARTY_MON	Penguin	Penguin_Clockwork_Form		
Toy_Mouse	EVO_OTHER_PARTY_MON	Cat_Normal_Form	Cat_Clockwork_Form		
					
Rabbit	EVO_LEVEL_DAY	27	Wolperting		
Rabbit	EVO_LEVEL_NIGHT	27	Jackalope		
Wolperting	EVO_MEGA	JAS_FRAGMENT	Wolpertinger_Mega_Form		
					
Dust_Devil	EVO_LEVEL_DAY	35	SmokeDevil		
Dust_Devil	EVO_LEVEL_NIGHT	35	ChokeDevil		
SmokeDevil	EVO_LEVEL	47	SmokeDevil_Nuclear_Form		
ChokeDevil	EVO_LEVEL	47	SmokeDevil_Thermonuclear_Form		
					
Birds_Nest_God_Form	EVO_ITEM	NATURE_RUNE	Guthling		
Birds_Nest_God_Form	EVO_ITEM	FIRE_RUNE	Zamling		
Birds_Nest_God_Form	EVO_ITEM	WATER_RUNE	Saraling		
Birds_Nest_God_Form	EVO_ITEM	EARTH_RUNE	Bandling		
Birds_Nest_God_Form	EVO_ITEM	AIR_RUNE	Armaling		
Birds_Nest_God_Form	EVO_ITEM	COSMIC_RUNE	Zaroling		
Birds_Nest_God_Form	EVO_ITEM	ASTRAL_RUNE	Sereling		
Birds_Nest_God_Form	EVO_ITEM	BODY_RUNE	Ungodling		
Birds_Nest_God_Form	EVO_ITEM	SOUL_RUNE	Tumekling		
Bandling	EVO_LEVEL	16	Bandbird		
Bandbird	EVO_LEVEL	36	Bandeagle		
Zaroling	EVO_LEVEL	16	Zarobird		
Zarobird	EVO_LEVEL	36	Zaraven		
Sereling	EVO_LEVEL	16	Serebird		
Serebird	EVO_LEVEL	36	Serepea		
Armaling	EVO_LEVEL	16	Armabird		
Armabird	EVO_LEVEL	36	Armafalcon		
Ungodling	EVO_LEVEL	16	Ungodbird		
Ungodbird	EVO_LEVEL	36	Ungodgeon		
Tumekling	EVO_LEVEL	16	Tumekbird		
Tumekbird	EVO_LEVEL	36	Tumekibis		
					
Fledgling	EVO_LEVEL	30	Dagannoth_Normal_Form		
Dagannoth_Normal_Form	EVO_FEMALE	43	Dagannoth_Daughter		
Dagannoth_Normal_Form	EVO_ITEM	WATER_RUNE	Dagannoth_Guardian_Form		
Dagannoth_Daughter	EVO_LEVEL	50	Dagannoth_Mother		
Dagannoth_Daughter	EVO_ITEM	COSMIC_RUNE	Gelatinnoth		
Dagannoth_Guardian_Form	EVO_ITEM	DEATH_RUNE	Dagannoth_Reanimated_Form		
Dagannoth_Guardian_Form	EVO_ITEM	SPIRIT_CHARM	Dagannoth_Spirit_Form		
Dagannoth_Normal_Form	EVO_HOLD_ITEM_MALE	Dagannoth Scale	Dagannoth_King_Range_Form		
Dagannoth_Normal_Form	EVO_HOLD_ITEM_MALE	Dagannoth Egg Shell	Dagannoth_King_Magic_Form		
Dagannoth_Normal_Form	EVO_HOLD_ITEM_MALE	Shrivelled Dagannoth Claw	Dagannoth_King_Melee_Form		
Dagannoth_King_Range_Form	EVO_MEGA	JAS_FRAGMENT	Dagannoth_King_Range_Mega_Form		
Dagannoth_King_Magic_Form	EVO_MEGA	JAS_FRAGMENT	Dagannoth_King_Magic_Mega_Form		
Dagannoth_King_Melee_Form	EVO_MEGA	JAS_FRAGMENT	Dagannoth_King_Melee_Mega_Form		
					
Glacor Enduring Form	EVO_LEVEL	30	Glacor		
Glacor Sapping Form	EVO_ITEM	SOUL_RUNE	Glacor Sapping Form		
Glacor Unstable Form	EVO_ITEM	ASTRAL_RUNE	Glacor Unstable Form		
Glacor	EVO_MEGA	JAS_FRAGMENT	Arch Glacor		
					
The_Illusive	EVO_MOVE	NIGHTMARE	Everlasting		
Everlasting	EVO_LEVEL	30	Untouchable		
Untouchable	EVO_FRIENDSHIP_NIGHT	200	Inadequancy		
Untouchable	EVO_LEVEL_NINJASK		Doubt		
					
Butterfly_Ruby_Harvest_Form	EVO_LEVEL	18	Black_Warlock		
Butterfly_Ruby_Harvest_Form	EVO_ITEM	NATURE_RUNE	Guthixian_Butterfly		
Butterfly_Sapphire_Glacialis_Form	EVO_LEVEL	18	Snow_Knight		
Butterfly_Sapphire_Glacialis_Form	EVO_ITEM	ASTRAL_RUNE	Draugen		
Black_Warlock	EVO_FRIENDSHIP_DAY	200	Forge_Regent		
Snow_Knight	EVO_FRIENDSHIP_NIGHT	200	Charming_Moth		
Guthixian_Butterfly	EVO_MEGA	JAS_FRAGMENT	Treborn		
					
Pengling	EVO_FRIENDSHIP	220	Penguin		
Penguin_McGraw_Form	EVO_OTHER_PARTY_MON	Sheep_White_Form	The_Thing		
Penguin_McGraw_Form	EVO_MOVE_TYPE	ROCK	Penguin_Spy_Form		
Penguin_McGraw_Form	EVO_MOVE_TYPE	STEEL	Penguin_Agent_Form		
Penguin	EVO_LEVEL_NATURE_AMPED	31	Ping		
Penguin	EVO_LEVEL_NATURE_LOW_KEY	31	Pong	//METAL SOUND	
Penguin	EVO_ITEM	Fire Rune	Penguin Disguise Cactus Form		
Penguin	EVO_ITEM	Earth Rune	Penguin Disguise Rock Form		
Penguin	EVO_ITEM	Nature Rune	Penguin Disguise Bush Form		
Penguin	EVO_ITEM	Body Rune	Penguin Disguise Box Form		
					
Larupia_Normal_Form	EVO_ITEM	SPIRIT_CHARM	Larupia_Spirit_Form		
					
Kyatt_Normal_Form	EVO_ITEM	SPIRIT_CHARM	Kyatt_Spirit_Form		
					
Monkey_Normal_Form	EVO_MOVE_TYPE	FLYING	Monkey_Ninja_Form		
Monkey_Normal_Form	EVO_TYPE_IN_PARTY	GHOST	Monkey_Zombie_Form		
Monkey_Normal_Form	EVO_LEVEL_DAY	40	Gorilla_Normal_Form		
Monkey_Normal_Form	EVO_LEVEL_NIGHT	40	Gorilla_Ancient_Form		
Monkey_Normal_Form	EVO_ITEM	DEATH_RUNE	Monkey_Reanimated_Form		
Monkey_Harmless_Form	EVO_TYPE_IN_PARTY	GHOST	Monkey_Ghost_Form		
Gorilla_Normal_Form	EVO_LEVEL_ATK_EQ_DEF	55	Gorilla_Ayuni_Form		
Gorilla_Normal_Form	EVO_LEVEL_ATK_LT_DEF	55	Gorilla_Leeuni_Form		
Gorilla_Normal_Form	EVO_LEVEL_ATK_GT_DEF	55	Gorilla_Eruni_Form		
Monkey_Karamja_Baby_Form	EVO_FRIENDSHIP	220	Monkey_Karamja_Adult_Form		
					
Pure	EVO_ITEM	ANY RUNE	Rune		
Rune	EVO_ITEM	ANY RUNE	Essence		
Rune	EVO_FRIENDSHIP	220	Rue		
Rune	EVO_ITEM	Earth Rune	Rune_Guardian		
					
Minitrice	EVO_LEVEL	30	Cockatrice		
Minitrice	EVO_OTHER_PARTY_MON	Guthraptor	Guthatrice		
Minitrice	EVO_OTHER_PARTY_MON	Zamohawk	Zamatrice		
Minitrice	EVO_OTHER_PARTY_MON	Saraowl	Saratrice		
Minitrice	EVO_OTHER_PARTY_MON	Raven	Corxatrice		
Minitrice	EVO_OTHER_PARTY_MON	Vulture	Vulatrice		
Minitrice	EVO_OTHER_PARTY_MON	Penguin	Pengatrice		
Minitrice	EVO_ITEM	CHOCOLATE_CAKE	Chocatrice		
					
Bloodveld	EVO_LEVEL_ATK_GT_SPA	28	Bloodveld_Insatiable_Physical_Form		
Bloodveld	EVO_LEVEL_ATK_LT_SPA	28	Bloodveld_Insatiable_Special_Form		
Bloodveld_Insatiable_Physical_Form	EVO_LEVEL	43	Bloodveld_Mutated_Physical_Form		
Bloodveld_Insatiable_Physical_Form	EVO_ITEM	BLOOD_RUNE	Bloodveld_Vampiric_Form		
Bloodveld_Insatiable_Physical_Form	EVO_ITEM	BODY_RUNE	Reaver		
Bloodveld_Insatiable_Physical_Form	EVO_TYPE_IN_PARTY	POISON	Bloodveld_Acidic_Form		
Bloodveld_Insatiable_Special_Form	EVO_LEVEL	43	Bloodveld_Mutated_Special_Form		
Bloodveld_Insatiable_Special_Form	EVO_ITEM	BLOOD_RUNE	Bloodveld_Rs3_Form		
Bloodveld_Insatiable_Special_Form	EVO_ITEM	DEATH_RUNE	Bloodveld_Reanimated_Form		
Bloodveld_Insatiable_Special_Form	EVO_TYPE_IN_PARTY	BUG	Bloodveld_Insatiable_Mutated_Form		
					
Tz_Kih	EVO_LEVEL	22	Tz_Kek		
Tz_Kih	EVO_ITEM	SPIRIT CHARM	Tz_Kih_Spirit_Form		
Tz_Kek	EVO_LEVEL	36	Tok_Xil		
Ket_Dill	EVO_OTHER_PARTY_MON	Spookaxe	Ket_Zek		
Ket_Dill	EVO_LEVEL	47	Ket_Zek		
Yt_HurKot	EVO_LEVEL	33	Yt_MejKot		
TzRek_Jad	EVO_FRIENDSHIP	220	TzTok_Jad		
TzRek_Jad	EVO_ITEM	BLOOD_RUNE	JalTok_Jad		
TzTok_Jad	EVO_MEGA	JAS_FRAGMENT	TzTok_Jad_HD_Mega_Form		
TzTok_Jad	EVO_MEGA	JAS_FRAGMENT	TzTok_Jad_RS3_Mega_Form		
Jal_MejRah	EVO_LEVEL	22	Jal_Ak		
Jal_Ak	EVO_LEVEL	36	Jal_Xil		
Jal_Nib	EVO_LEVEL_ATK_GT_DEF	32	Jal_ImKot		
Jal_Nib	EVO_LEVEL_ATK_LT_DEF	32	Jal_Zek		
Jal_Nib	EVO_ITEM	LIFE_RUNE	TzKal_Zuk		
					
Shaikah	EVO_ITEM	LAW_RUNE	Growler		
					
Baby_Yak	EVO_FRIENDSHIP	220	Yak_Normal_Form		
Yak_Normal_Form	EVO_LEVEL_DAY	34	Yak_Pack_Form		
Yak_Normal_Form	EVO_LEVEL_NIGHT	34	Yak_Snack_Form		
Yak_Normal_Form	EVO_OTHER_PARTY_MON	Yak_Pack_Form	Yak_Sacred_Form		
Yak_Normal_Form	EVO_ITEM	LAW_RUNE	Yak_ClueScroll_Form		
Yak_Normal_Form	EVO_ITEM	DEATH_RUNE	Yak_Undead_Form		
Yak_Normal_Form	EVO_OTHER_PARTY_MON	Abyssal_Demon_Form	Yak_Moorrissey_Form		
Yak_Normal_Form	EVO_OTHER_PARTY_MON	Snow_Imp	Yak_Robin_Form		
Yak_Normal_Form	EVO_ITEM	COSMIC_RUNE	Yak_Yaktrick_Form		
					
Desert_Sole	EVO_LEVEL	35	Goblinfish		
					
Graahk_Normal_Form	EVO_ITEM	SPIRIT_CHARM	Graahk_Spirit_Form		
Graahk_Normal_Form	EVO_ITEM	DEATH_RUNE	Graahk_Forsaken_Form		
					
Frogspawn	EVO_LEVEL	10	Frog_Normal_Form		
Frog_Normal_Form	EVO_LEVEL	20	Giant_Frog_Normal_Form		
Frog_Normal_Form	EVO_ITEM	AIR_RUNE	Frog_Bloated_Form		
Frog_Normal_Form	EVO_MOVE_TYPE	POISON	Toad_Barker_Form		
Frog_Normal_Form	EVO_OTHER_PARTY_MON	Eel_Slimy_Form	Frogeel		
Frogeel	EVO_ITEM	LIFE_RUNE	Shadeel		
Giant_Frog_Normal_Form	EVO_LEVEL	30	Giant_Frog_Royal_Form		
Frog_Bloated_Form	EVO_ITEM	AIR_RUNE	Frog_Balloon_Form		
					
Platypode	EVO_FRIENDSHIP	200	Platypus		
					
Phoenling_Rebirth_Form	EVO_MOVE	HEAT_WAVE	Phoenix_Rebirth_Form		
Phoenling_Reborn_Form	EVO_MOVE	INFERNO	Phoenix_Reborn_Form		
					
Peepling	EVO_LEVEL	30	Sneakrpeep		
Peepling	EVO_ITEM	MIND_RUNE	Stalker		
Stalker	EVO_LEVEL_DAY	38	Soulseeker		
Stalker	EVO_LEVEL_NIGHT	38	Stalker_Sentinel_Form		
Soulseeker	EVO_ITEM	AIR_RUNE	Plane_Freezer		
Soulseeker	EVO_LEVEL	46	World_Gorger		
Soulseeker	EVO_ITEM	FIRE_RUNE	Veil_Ripper		
Stalker_Sentinel_Form	EVO_LEVEL	46	Night_Gazer		
Stalker_Sentinel_Form	EVO_ITEM	BODY_RUNE	Shadow_Forger		
Stalker_Sentinel_Form	EVO_ITEM	BLOOD_RUNE	Flesh_Monger		
					
Chinchompa_Baby	EVO_LEVEL_DAY	16	Chinchompa_Grey_Baby		
Chinchompa_Baby	EVO_LEVEL_NIGHT	16	Chinchompa_Red_Baby		
Chinchompa_Baby	EVO_MOVE	EXPLOSION	Chinchompa_ Giant		
Chinchompa_Grey_Baby	EVO_LEVEL	28	Chinchompa_Grey_Form		
Chinchompa_Red_Baby	EVO_LEVEL	28	Chinchompa_Red_Form		
Chinchompa_Grey_Form	EVO_LEVEL	42	Chinchompa_Cobalt		
Chinchompa_Grey_Form	EVO_ITEM	BODY_RUNE	Chinchompa_Plutonial		
Chinchompa_Grey_Form	EVO_MOVE	EXPLOSION	Chinchompa_Viridian		
Chinchompa_Grey_Form	EVO_ITEM	ASTRAL_RUNE	Chinchompa_Crystal		
Chinchompa_Red_Form	EVO_ITEM	EXPLOSION	Chinchompa_Black		
Chinchompa_Red_Form	EVO_MOVE	BODY_RUNE	Chinchompa_Gold_Form		
Chinchompa_Red_Form	EVO_ITEM	AIR_RUNE	Chinchompa_ Mechanized		
Chinchompa_Red_Form	EVO_LEVEL	42	Chinchompa_Crimson		
					
Foal	EVO_LEVEL_DAY	25	Unicorn_White_Form		
Foal	EVO_LEVEL_NIGHT	25	Unicorn_Black_Form		
Unicorn_White_Form	EVO_ITEM	SPIRIT_CHARM	Unicorn_Stallion_Form		
Unicorn_White_Form	EVO_LEVEL	40	Starlight		
Unicorn_White_Form	EVO_ITEM	CHAOS_RUNE	Unicorn_Gauntlet_Corrupted_Form		
Unicorn_Black_Form	EVO_ITEM	DEATH_RUNE	Unicorn_Reanimated_Form		
Unicorn_Black_Form	EVO_LEVEL	40	Unicorn_Angry_Form		
Unicorn_Black_Form	EVO_ITEM	ASTRAL_RUNE	Unicorn_Gauntlet_Crystalline_Form		
					
Bat	EVO_LEVEL_NIGHT	24	Giant_Bat		
Bat	EVO_LEVEL_DAY	24	Bat_Box_Form		
Giant_Bat	EVO_LEVEL_NIGHT	32	Albino_Bat		
Giant_Bat	EVO_ITEM	SPIRIT_SHARD	Fruit_Bat		
Giant_Bat	EVO_LEVEL_DAY	32	Deathwing		
Giant_Bat	EVO_ITEM	CHAOS_RUNE	Bat_Gauntlet_Corrupted_Form		
Bat_Box_Form	EVO_LEVEL_DAY	32	Warped_Bat		
Bat_Box_Form	EVO_LEVEL_NIGHT	32	VampyreBat		
Bat_Box_Form	EVO_ITEM	ASTRAL_RUNE	Bat_Gauntlet_Crystalline_Form		
					
Wolf_Juvenile_Form	EVO_LEVEL_ATK_EQ_SPA	20	Wolf_Normal_Form		
Wolf_Juvenile_Form	EVO_LEVEL_ATK_LT_SPA	20	Wolf_Fenris_Form		
Wolf_Juvenile_Form	EVO_LEVEL_ATK_GT_SPA	20	Wolf_White_Form		
Wolf_Juvenile_Form	EVO_TYPE_IN_PARTY	DRAGON	Rover		
Wolf_Juvenile_Form	EVO_OTHER_PARTY_MON	Monkey_Normal_Form	Experiment_4_Form		
Wolf_Normal_Form	EVO_LEVEL	40	Wolf_Dire_Form		
Wolf_Normal_Form	EVO_ITEM	NATURE_RUNE	Wolf_Jungle_Form		
Wolf_Fenris_Form	EVO_LEVEL	40	Wolf_Skoll_Form		
Wolf_Fenris_Form	EVO_ITEM	EARTH_RUNE	Wolf_Desert_Form		
Wolf_White_Form	EVO_LEVEL	40	Wolf_Hati_Hati		
Wolf_White_Form	EVO_ITEM	SPIRIT_CHARM	Wolf_Spirit_Form		
Rover	EVO_LEVEL	40	Wolf_Cave_Form		
Rover	EVO_ITEM	BODY_RUNE	Wolf_Dragon_Form		
Wolf_Spirit_Form	EVO_MEGA	JAS_FRAGMENT	Helwyr		
					
Fox	EVO_MOVE	HEX	Inari		
Fox	EVO_OTHER_PARTY_MON	Chicken_Varrock_Form	Fox_RecruitmentDrive		//I probably could code it to check to see if a specific species / family group
Fox	EVO_OTHER_PARTY_MON	Chicken_Normal_Form	Fox_RecruitmentDrive		
Fox	EVO_OTHER_PARTY_MON	Chicken_Karamja_Form	Fox_RecruitmentDrive		
Fox	EVO_OTHER_PARTY_MON	Chicken_Bandosian_Form	Fox_RecruitmentDrive		
Fox	EVO_OTHER_PARTY_MON	Rooster_Normal_Form	Fox_RecruitmentDrive		
Fox	EVO_OTHER_PARTY_MON	Rooster_Karamja_Form	Fox_RecruitmentDrive		
Fox	EVO_OTHER_PARTY_MON	Rooster_Bandosian_Form	Fox_RecruitmentDrive		
Fox	EVO_OTHER_PARTY_MON	Rooster_Varrock_Form	Fox_RecruitmentDrive		
Fox	EVO_ITEM	FIRE_RUNE	Fox_Pyre		
Fox	EVO_ITEM	EARTH_RUNE	Fox_Fennec		
					
Crawler_Cave_Form	EVO_LEVEL	29	Crawler_Chasm_Form		
Crawler_Chasm_Form	EVO_LEVEL	40	Crawler_Monstrous_Form		
					
Winston	EVO_LEVEL_DAY	30	Tortoise_Normal_Form		
Winston	EVO_LEVEL_NIGHT	30	Tortoise_War_Form		
Winston	EVO_ITEM	WATER RUNE	Sea_Turtle		
Winston	EVO_ITEM	NATURE_RUNE	Herbert		
Tortoise_Normal_Form	EVO_LEVEL	38	Tortoise_Warped_Form		
Tortoise_Normal_Form	EVO_ITEM	TEAR_OF_GUTHIX	Valluta		
Tortoise_War_Form	EVO_LEVEL	38	Tortoise_Warped_Form		
Tortoise_War_Form	EVO_ITEM	TEAR_OF_GUTHIX	Valluta		
Sea_Turtle	EVO_LEVEL	38	Sea_Turtle_Treasure_Form		
Herbert	EVO_LEVEL	38	Xinachto		
					
Cave_Slime	EVO_LEVEL_DAY	24	Jelly_Normal_Form		
Cave_Slime	EVO_TYPE_IN_PARTY	GHOST	AbbySpectr		
Cave_Slime	EVO_LEVEL_NIGHT		Slime_LilGloop		
Cave_Slime	EVO_ITEM	CHOCOLATE_CAKE	Karamel		
Jelly_Normal_Form	EVO_LEVEL	38	Jelly_Warped_Form		
Jelly_Normal_Form	EVO_ITEM	SPIRIT CHARM	Jelly_Spirit_Form		
Slime_LilGloop	EVO_MALE_LEVEL	38	Slime_King		
Slime_LilGloop	EVO_FEMALE_LEVEL	38	Slime_Queen		
					
Hand_Creeping_Form	EVO_LEVEL	24	Hand_Crawling_Form		
Hand_Creeping_Form	EVO_OTHER_PARTY_MON	Hand_Crawling_Form	Hand_BrokenFingers_Form		
Hand_Crawling_Form	EVO_MOVE	BONE RUSH	Hand_Skeletal_Form		
Hand_Crawling_Form	EVO_MOVE	CRUSH GRIP	Hand_Crushing_Form		
Hand_Crawling_Form	EVO_LEVEL	38	Hand_Zombie_Form		
Hand_Crawling_Form	EVO_ITEM	NATURE_RUNE	Hand_Farmhand_Form		
Hand_Crawling_Form	EVO_ITEM	BODY_RUNE	Hand_Stuffed_Form		
Hand_Crawling_Form	EVO_ITEM	CHAOS_RUNE	Hand_Dungeoneering_Form		
Hand_BrokenFingers_Form	EVO_LEVEL	38	Hand_DeadHand_Form		
					
Pawya	EVO_LEVEL	34	Grenwall		
					
Plant_Strange_Form	EVO_FRIENDSHIP	220	Plant_Stranger_Form		
Plant_Stranger_Form	EVO_TYPE_IN_PARTY	DARK	EvilTurnip		
Plant_Stranger_Form	EVO_LEVEL	40	Jade_Vine		
					
Bear_Cub	EVO_LEVEL_ATK_EQ_DEF	25	Bear_Normal_Form		
Bear_Cub	EVO_LEVEL_ATK_LT_DEF	25	Polar_Bear_Normal_Form		
Bear_Cub	EVO_LEVEL_ATK_GT_DEF	25	Bear_Grizzly_Form		
Bear_Normal_Form	EVO_LEVEL	41	Kendall		
Bear_Normal_Form	EVO_ITEM	ASTRAL_RUNE	Bear_Gauntlet_Crystalline_Form		
Bear_Normal_Form	EVO_ITEM	LIFE_RUNE	Callisto		
Bear_Normal_Form	EVO_ITEM	DEATH_RUNE	Headless_Beast		
Polar_Bear_Normal_Form	EVO_LEVEL_DAY	41	Polar_Bear_Arctic_Form		
Polar_Bear_Normal_Form	EVO_ITEM	FIRE_RUNE	Polar_Bear_Nanuq_Form		
Polar_Bear_Normal_Form	EVO_LEVEL_NIGHT	41	Polar_Bear_PBJ_Agent_Form		
Polar_Bear_Normal_Form	EVO_ITEM	CHAOS_RUNE	Polar_Bear_Punished		
Bear_Grizzly_Form	EVO_LEVEL	41	Bear_Angry_Form		
Bear_Grizzly_Form	EVO_ITEM	DEATH_RUNE	Bear_Reanimated_Form		
Bear_Grizzly_Form	EVO_ITEM	CHAOS_RUNE	Bear_Gauntlet_Corrupted_Form		
					
Turoth	EVO_LEVEL_DAY	45	Turoth_Mightiest_Form		
Turoth	EVO_LEVEL_NIGHT	45	Big_Turoth		
Turoth	EVO_ITEM	WISE OLD MAN'S SOCK	Sockroth		
					
DesertWyrm	EVO_LEVEL	44	Wyrm		
					
Lilrask	EVO_FRIENDSHIP_DAY	220	Kurask		
Kurask	EVO_LEVEL_DAY	50	Kurask_King_Form		
Kurask	EVO_LEVEL_NIGHT	50	Kurask_Overlord_Form		
					
Jellyfish_Blubber_Form	EVO_LEVEL	40	Jellyfish		
					
Toucan_Tenacious_Male_Form	EVO_LEVEL	32	Toucan_Tuai_Leit_Form		
Toucan_Tenacious_Female_Form	EVO_LEVEL	32	Toucan_Tuai_Leit_Form		
					
Kebbit	EVO_LEVEL_DEF_EQ_SPE	15	Kebbit_Polar_Form		
Kebbit	EVO_LEVEL_DEF_GT_SPE	15	Kebbit_Spotted_Form		
Kebbit	EVO_LEVEL_DEF_LT_SPE	15	Kebbit_Wild_Form		
Kebbit_Polar_Form	EVO_LEVEL	32	Kebbit_Sabre_Form		
Kebbit_Spotted_Form	EVO_LEVEL	25	Kebbit_Dark_Form		
Kebbit_Dark_Form	EVO_LEVEL	32	Kebbit_Dashing_Form		
Kebbit_Wild_Form	EVO_LEVEL	25	Kebbit_Prickly_Form		
Kebbit_Prickly_Form	EVO_LEVEL_DAY	32	Kebbit_Razor_Form		
Kebbit_Prickly_Form	EVO_LEVEL_NIGHT	32	Kebbit_Big_Form		
Kebbit_DesertDevil_Form	EVO_LEVEL	15	Kebbit_Feldip_Weasel_Form		
Kebbit_DesertDevil_Form	EVO_ITEM	CHOCOLATE_CAKE	Kebbit_Chocolate_Form		
Kebbit_Feldip_Weasel_Form	EVO_LEVEL	23	Kebbit_Barbed_Form		
Kebbit_Barbed_Form	EVO_MOVE_TYPE	POISON	Kebbit_Diseased_Form		
					
Salamander_Green_Form	EVO_LEVEL	15	Salamander_Orange_Form		
Salamander_Orange_Form	EVO_LEVEL	25	Salamander_Red_Form		
Salamander_Orange_Form	EVO_FLAG_SET	Karamja	Gecko		
Salamander_Red_Form	EVO_LEVEL	35	Salamander_Black_Form		
Salamander_Red_Form	EVO_ITEM	FIRE RUNE	Salamander_Yellow_Form		
Salamander_Black_Form	EVO_ITEM	FIRE RUNE	Salamander_Augmented_Form		
Salamander_Black_Form	EVO_LEVEL	45	Salamander_Tecu		
Gecko	EVO_LEVEL	35	Chameleon		
Gecko	EVO_OTHER_PARTY_MON	Shark_Normal_Form	Sharkizard		
					
Baby_Mole	EVO_ITEM	LIFE_RUNE	Giant_Mole		
					
Chaos_Ele	EVO_MEGA	JAS_FRAGMENT	Chaos_Ele_Mega_Form		
					
Cabbage	EVO_LEVEL	23	Cabbage_Sister_Form		
Cabbage	EVO_ITEM	FIRE_RUNE	Cabbage_Crispy_Form		
Cabbage	EVO_ITEM	CHOCOLATE_CAKE	Dessourt		
					
Light_Creature	EVO_LEVEL	30	Killerwatt		
Light_Creature	EVO_ITEM	TEAR_OF_GUTHIX	BalanceEle		
					
Dark_Beast_Pup_Form	EVO_LEVEL	40	Dark_Beast_Normal_Form		
Dark_Beast_Normal_Form	EVO_ITEM	BLOOD_RUNE	Dark_Beast_Sotetseg_Form		
Dark_Beast_Normal_Form	EVO_ITEM	CHAOS_RUNE	Dark_Beast_Gauntlet_Corrupted_Form		
Dark_Beast_Normal_Form	EVO_ITEM	ASTRAL_RUNE	Dark_Beast_Gauntlet_Crystalline_Form		
					
Beaver	EVO_LEVEL	30	Giant_Beaver		
					
Ferret	EVO_LEVEL	15	Racoon		
Racoon	EVO_LEVEL_DAY	30	Ralph		
Racoon	EVO_LEVEL_NIGHT	30	Rocky		
Racoon	EVO_ITEM	CHAOS_RUNE	Honey_Badger		
					
Squirrel	EVO_LEVEL	30	Sparky		
Squirrel	EVO_ITEM	AIR_RUNE	Squirrel_Giant_Form		
Squirrel	EVO_ITEM	EARTH_RUNE	Squirrel_Australian_Form		
					
Crocodile_Normal_Form	EVO_LEVEL	38	Crocodile_Mutadile_Form		
Crocodile_Normal_Form	EVO_ITEM	SOUL_RUNE	Crocodile_Ankh_Form		
Crocodile_Normal_Form	EVO_OTHER_PARTY_MON	Behemoth_Gluttonous_Form	Crocodile_Ukunduka_Form		
Crocodile_Normal_Form	EVO_ITEM	WATER RUNE	Crocodile_Red_Form		
Crocodile_Normal_Form	EVO_ITEM	CHAOS_RUNE	Zebak		
					
Anichair	EVO_LEVEL	34	Marionette		
					
Runtstable	EVO_LEVEL	30	Grifolaroo		
Grifolaroo	EVO_LEVEL	40	Grifolapine		
Grifolapine	EVO_LEVEL	50	Ganodermic_Beast		
Exoraxe	EVO_OTHER_PARTY_MON	Ganodermic_Beast	Sporaxe		
					
Dobbin	EVO_LEVEL	30	Animour		
					
Basilisk_Baby_Form	EVO_LEVEL_DAY	30	Basilisk_RS3_Form		
Basilisk_Baby_Form	EVO_LEVEL_NIGHT	30	Basilisk_OSRS_Form		
Basilisk_RS3_Form	EVO_LEVEL	42	Basilisk		
Basilisk_OSRS_Form	EVO_LEVEL	42	Basilisk_Knight_Form		
					
Protomastyx	EVO_LEVEL	32	Tyrannomastyx		
					
Penance_Spawn	EVO_LEVEL_ATK_EQ_SPA	30	Penance_Healer		
Penance_Spawn	EVO_LEVEL_ATK_LT_SPA	30	Penance_Fighter		
Penance_Spawn	EVO_LEVEL_ATK_GT_SPA	30	Penance_Ranger		
Penance_Spawn	EVO_ITEM	BODY_RUNE	Penance_Runner		
Penance_Healer	EVO_ITEM	LIFE_RUNE	Penance_Queen		
Penance_Ranger	EVO_ITEM	LIFE_RUNE	Penance_King		
					
Void_Leech	EVO_RANDOM	1	Void_Torcher		
Void_Leech	EVO_RANDOM	2	Void_Shifter		
Void_Leech	EVO_RANDOM	3	Void_Brawler		
Void_Leech	EVO_RANDOM	4	Void_Defiler		
Void_Leech	EVO_RANDOM	5	Void_Splatter		
Void_Leech	EVO_RANDOM	6	Void_Ravager		
Void_Leech	EVO_RANDOM	7	Void_Spinner		
Void_Leech	EVO_RANDOM	8	Void_Drone		
Void_Drone	EVO_ITEM	LIFE_RUNE	Void_Queen		
					
Red_Eye	EVO_LEVEL	25	Flatfish		
Flatfish	EVO_LEVEL	35	Bouldabass		
					
Dark_Core	EVO_LEVEL	70	Corporeal_Beast		
	EVO_ITEM	LIFE_RUNE	Corporeal_Beast_Zanik_Form		
					
Origami_Balloon	EVO_OTHER_PARTY_MON	Kril_Tsutsaroth	Krill_Balloon		
Origami_Balloon	EVO_LEVEL	30	Balloon_Goat		
					
Cockroach_Drone	EVO_LEVEL	25	Cockroach_Worker		
Cockroach_Worker	EVO_LEVEL	37	Cockroach_Soldier		
Cockroach_Worker	EVO_ITEM	MIND_RUNE	Cockroach_Warped_Form		
Cockroach_Worker	EVO_ITEM	TEAR_OF_GUTHIX	Fiara		
Cockroach_Worker	EVO_ITEM	SPIRIT_SHARD	Bull_Ant		
Cockroach_Worker	EVO_ITEM	AIR_RUNE	Malcolm		
					
Wall_Beast	EVO_LEVEL	40	Wall_Beast_Mega_Form		
					
Dead_Tree	EVO_LEVEL_DAY	30	Compost_Mound		
Entling	EVO_LEVEL	30	Ent		
Ent	EVO_ITEM	CHOCOLATE_CAKE	AgrithNaNa		
Ent	EVO_ITEM	TEAR_OF_GUTHIX	Derwen		
					
Jadinko	EVO_LEVEL	20	Jadinko_Common_Form		
Jadinko_Common_Form	EVO_LEVEL	35	Jadinko_Male_Form		
Jadinko_Common_Form	EVO_ITEM	LIFE_RUNE	Jadinko_Queen		
					
Zygomite	EVO_LEVEL_DAY	41	Zygomite_Magical_Form		
Zygomite	EVO_LEVEL_NIGHT	41	Zygomite_Zanarian_Form		
Zygomite	EVO_ITEM	ASTRAL_RUNE	Zygomite_Arcspore_Form		
Zygomite	EVO_ITEM	EARTH_RUNE	Zygomite_Daemoncap_Form		
Zygomite	EVO_ITEM	NATURE_RUNE	Zygomite_Ancient_Form		